{
    "rmse": 0.6744106904667645,
    "mae": 0.5372337010478746,
    "r2": 0.26962214820072783
}