{
    "rmse": 0.6606741831605131,
    "mae": 0.5063308917461374,
    "r2": 0.2522583810963731
}