{
    "rmse": 0.6978805393243622,
    "mae": 0.5495551186650749,
    "r2": 0.25184610371608074
}