{
    "rmse": 0.7056598193232594,
    "mae": 0.5570699537919898,
    "r2": 0.27080238769433396
}