{
    "rmse": 0.6518304845260215,
    "mae": 0.5157758413494619,
    "r2": 0.28141327686553264
}