{
    "rmse": 0.7064750759635111,
    "mae": 0.5564685008012278,
    "r2": 0.27508640609755763
}