{
    "rmse": 0.6921351051910977,
    "mae": 0.5507394810696085,
    "r2": 0.252561642156906
}